V001,V002,V003,V004,V005,V006,V007,V008,V009,V010,V011,V012,V013,V014,V015,V016,V017,V018,V019,V020,V021,V022,V023,V024,V025,V026,V027,V028,V029,V030,V031,V032,V033,V034,V035,V036,V037,V038,V039,V040,V041,V042,V043,V044,V045,V046,V047,V048,V049,V050,V051,V052,V053,V054,V055,V056,V057,V058,V059,V060,V061,V062,V063,V064,V065,V066,V067,V068,V069,V070,V071,V072,V073,V074,V075,V076,V077,V078,V079,V080,V081,V082,V083,V084,V085,V086,V087,V088,V089,V090,V091,V092,V093,V094,V095,V096
Alabama,-6.5,(1) Negative: Less than zero,-2,(1) Negative: Less than zero,-4.5,(1) Negative: Less than zero,1.5,0,-5,-2,0,0,-1,1.5,0,-2.5,-1,0,0,0,0,-2.5,-1,0,0,-1,0.031,117000,(3) South,1,(0) No did not offer paid partner leave (irrespective of narrow/broad partner definition),0,(0) No did not offer paid child leave (irrespective of narrow/broad child definition),0,(0) Uncertain or unavailable law,0,0,0.5,0,0,0,0,0,0,0,0,(0) No law,0,0,0,0,0,(0) No law,(2) State RFRA via constitutional amendment,"(1) Yes for any targeted religious exemption in child welfare, marriage service or solemnization, or healthcare",-0.5,(-1) Law exists,(-1) Law exists,0,0,-0.5,(-1) Law exists,(-1) Law exists,0,0,(-1) State has 'Don't Say Gay' policy,(0) No policy,0,0,0,0,(-1) State has 'Don't Say Gay' policy,(0) No policy,0,0,(0) No state law prohibiting SO discrimination in insurance,0,0,(0) No state law prohibiting GI discrimination in insurance,(0) State does not prohibit exclusions of trans-related care in health insurance,(0) No explicit policy,0,0,0,(0) No state hate crime law or it does not enumerate SO,0,(0) State does not prohibit use of 'gay panic defense',0,0,(0) If state does not prohibit use of 'trans panic defense',0,-1,0,-1,(1) Does not require public announcement of name change
Alaska,3.75,(2) Low: 0-24.9% of total possible points,2.5,(2) Low: 0-24.9% of total possible sexual orientation points,1.25,(2) Low: 0-24.9% of total possible gender identity points,1.5,2,0,0,-1,-0.5,1.75,1.5,1.25,0,0,0,-0.25,0,0.75,0,0,-1,-0.25,1.75,0.037,21000,(4) West,1,(0) No did not offer paid partner leave (irrespective of narrow/broad partner definition),0,(0) No did not offer paid child leave (irrespective of narrow/broad child definition),0,(0) Uncertain or unavailable law,0,0,0.5,0,0,0,0.25,0.25,0.25,0,0.5,(0) No law,0.25,0.25,0.25,0,0,(0) No law,(0) No state RFRA (N/A),(0) No for no targeted exemption,0,(0) No law,(0) No law,0,0,0,(0) No law,(0) No law,0,0,(0) No policy,(0) No policy,0,0,0,0,(0) No policy,(0) No policy,0,0,(0) No state law prohibiting SO discrimination in insurance,0,0,(0) No state law prohibiting GI discrimination in insurance,(0) State does not prohibit exclusions of trans-related care in health insurance,(-1) State Medicaid policy explicitly excludes trans coverage,0,0,0,(0) No state hate crime law or it does not enumerate SO,-0.25,(0) State does not prohibit use of 'gay panic defense',0,-0.25,(0) If state does not prohibit use of 'trans panic defense',0,0.75,0,1,(0) Requirement of public announcement of name change is unclear or under individual court's discretion
Arizona,3.75,(2) Low: 0-24.9% of total possible points,5.25,(3) Fair: 25-49.9% of total,-1.5,(1) Negative: Less than zero,2.5,2,-1,0,0,1,-0.75,2.5,1.25,-0.5,0,1,1,0,0.75,-0.5,0,-1,0,-0.75,0.045,242000,(4) West,1,(0) No did not offer paid partner leave (irrespective of narrow/broad partner definition),0,(0) No did not offer paid child leave (irrespective of narrow/broad child definition),0,(0) Uncertain or unavailable law,0,0.5,0.5,0.5,0,0,0.25,0.25,0.25,0,0.5,(0) No law,0.25,0.25,0.25,0,0,(0) No law,(1) State RFRA via statute,(0) No for no targeted exemption,-0.5,(0) No law,(0) No law,0,0,-0.5,(0) No law,(0) No law,0,0,(0) No policy,(0) No policy,0,0,0,0,(0) No policy,(0) No policy,0,0,(0) No state law prohibiting SO discrimination in insurance,0.5,0.5,(0) No state law prohibiting GI discrimination in insurance,(0) State does not prohibit exclusions of trans-related care in health insurance,(-1) State Medicaid policy explicitly excludes trans coverage,-0.5,0.5,0,(1) State hate crime law enumerates SO,0,(0) State does not prohibit use of 'gay panic defense',0,0,(0) If state does not prohibit use of 'trans panic defense',0,0.25,0,-1,(0) Requirement of public announcement of name change is unclear or under individual court's discretion
Arkansas,0.5,(2) Low: 0-24.9% of total possible points,1,(2) Low: 0-24.9% of total possible sexual orientation points,-0.5,(1) Negative: Less than zero,2,-2,-1,2,0,-2,1.5,2,-1,-0.5,1,0.5,-1,0,-1,-0.5,1,-0.5,-1,1.5,0.033,76000,(3) South,1,(0) No did not offer paid partner leave (irrespective of narrow/broad partner definition),0,(0) No did not offer paid child leave (irrespective of narrow/broad child definition),0,(0) Uncertain or unavailable law,0,0,0.5,0.5,0,0,0,0,0,0,0,(-1) State law prevents localities from passing their own nondiscrimination ordinances (NDOs),0,0,0,0,0,(-1) State law prevents localities from passing their own nondiscrimination ordinances (NDOs),(1) State RFRA via statute,(0) No for no targeted exemption,-0.5,(0) No law,(0) No law,0,0,-0.5,(0) No law,(0) No law,0,1,(0) No policy,(0) No policy,0,0,0,1,(0) No policy,(0) No policy,0,0,(0) No state law prohibiting SO discrimination in insurance,0,0.5,(0) No state law prohibiting GI discrimination in insurance,(0) State does not prohibit exclusions of trans-related care in health insurance,(0) No explicit policy,-0.5,0,0,(0) No state hate crime law or it does not enumerate SO,-1,(0) State does not prohibit use of 'gay panic defense',0,-1,(0) If state does not prohibit use of 'trans panic defense',0.5,1,0,-1,(1) Does not require public announcement of name change
California,34.75,(5) High: 75-100% of total,16.5,(5) High: 75-100% of total,18.25,(5) High: 75-100% of total,6.25,7,0,8,6,3.5,4,5.25,3.5,0,4,2,1.75,1,3.5,0,4,4,1.75,4,0.053,1615000,(4) West,1,(1) Yes offered paid partner leave,0.25,(1) Yes offered paid child leave,0.5,(1) Unmarried couples permitted to adopt/file,0.5,0.5,1,0.5,0.5,0.5,1,1,1,0,0.5,(0) No law,1,1,1,0,0.5,(0) No law,(0) No state RFRA (N/A),(0) No for no targeted exemption,0,(0) No law,(0) No law,0,0,0,(0) No law,(0) No law,1,1,(0) No policy,(0) No policy,1,1,1,1,(0) No policy,(0) No policy,1,1,(1) State law prohibits private insurers from discriminating based on SO,0.5,0.5,(1) State law prohibits private insurers from discriminating based on GI,(1) State prohibits exclusions of trans-related care in health insurance,(1) State Medicaid policy explicitly includes trans coverage,0.5,0.5,0,(1) State hate crime law enumerates SO,-0.25,(1) State prohibits use of defense,1,-0.25,(1) If state prohibits use of defense,0.5,1,0.5,1,(1) Does not require public announcement of name change
Colorado,32,(5) High: 75-100% of total,15,(5) High: 75-100% of total,17,(5) High: 75-100% of total,5.75,9,0,7,5,1.5,3.75,4.75,4.5,0,3.5,1.5,0.75,1,4.5,0,3.5,3.5,0.75,3.75,0.046,2.00E+05,(4) West,1,(0) No did not offer paid partner leave (irrespective of narrow/broad partner definition),0.5,(0) No did not offer paid child leave (irrespective of narrow/broad child definition),0.25,(1) Unmarried couples permitted to adopt/file,0.5,0.5,0.5,0.5,0.5,0.5,1,1,1,1,0.5,(0) No law,1,1,1,1,0.5,(0) No law,(0) No state RFRA (N/A),(0) No for no targeted exemption,0,(0) No law,(0) No law,0,0,0,(0) No law,(0) No law,1,1,(0) No policy,(0) No policy,1,0.5,1,1,(0) No policy,(0) No policy,1,0.5,(1) State law prohibits private insurers from discriminating based on SO,0,0.5,(1) State law prohibits private insurers from discriminating based on GI,(1) State prohibits exclusions of trans-related care in health insurance,(1) State Medicaid policy explicitly includes trans coverage,0,0,0.5,(1) State hate crime law enumerates SO,-0.25,(0) State does not prohibit use of 'gay panic defense',1,-0.25,(0) If state does not prohibit use of 'trans panic defense',0.5,0.75,0.5,1,(1) Does not require public announcement of name change
Connecticut,33.75,(5) High: 75-100% of total,15.5,(5) High: 75-100% of total,18.25,(5) High: 75-100% of total,6,9,-1,7.5,5,4,3.25,5,4.5,-0.5,3.5,1,2,1,4.5,-0.5,4,4,2,3.25,0.039,111000,(2) Northeast,1,(1) Yes offered paid partner leave,0.5,(1) Yes offered paid child leave,0.5,(1) Unmarried couples permitted to adopt/file,0.5,0.5,0.5,0.5,0.5,0.5,1,1,1,1,0.5,(0) No law,1,1,1,1,0.5,(0) No law,(1) State RFRA via statute,(0) No for no targeted exemption,-0.5,(0) No law,(0) No law,0,0,-0.5,(0) No law,(0) No law,1,1,(0) No policy,(0) No policy,1,0.5,1,1,(0) No policy,(0) No policy,1,1,(0) No state law prohibiting SO discrimination in insurance,0.5,0.5,(1) State law prohibits private insurers from discriminating based on GI,(1) State prohibits exclusions of trans-related care in health insurance,(1) State Medicaid policy explicitly includes trans coverage,0.5,0.5,0,(1) State hate crime law enumerates SO,0,(1) State prohibits use of defense,1,0,(1) If state prohibits use of defense,0,0.75,0.5,1,(1) Does not require public announcement of name change
Delaware,24.25,(4) Medium: 50-74.9% of total,12.5,(4) Medium: 50-74.9% of total,11.75,(4) Medium: 50-74.9% of total,5,7,0,5,5.5,1,0.75,4,3.5,0,2.5,2,0.5,1,3.5,0,2.5,3.5,0.5,0.75,0.045,34000,(3) South,1,(0) No did not offer paid partner leave (irrespective of narrow/broad partner definition),0,(0) No did not offer paid child leave (irrespective of narrow/broad child definition),0,(0) Uncertain or unavailable law,0.5,0.5,1,1,0.5,0.5,1,1,1,0,0.5,(0) No law,1,1,1,0,0.5,(0) No law,(0) No state RFRA (N/A),(0) No for no targeted exemption,0,(0) No law,(0) No law,0,0,0,(0) No law,(0) No law,0,1,(0) No policy,(0) No policy,1,0.5,0,1,(0) No policy,(0) No policy,1,0.5,(1) State law prohibits private insurers from discriminating based on SO,0.5,0.5,(1) State law prohibits private insurers from discriminating based on GI,(1) State prohibits exclusions of trans-related care in health insurance,(0) No explicit policy,0.5,0.5,0.5,(1) State hate crime law enumerates SO,-0.5,(0) State does not prohibit use of 'gay panic defense',1,-0.5,(0) If state does not prohibit use of 'trans panic defense',0,0.75,0,1,(-1) Requires public announcement of name change
District of Columbia,32.5,(5) High: 75-100% of total,15.5,(5) High: 75-100% of total,17,(5) High: 75-100% of total,6.5,7,0,7,6.5,2,3.5,5.5,3.5,0,3.5,2,1,1,3.5,0,3.5,4.5,1,3.5,0.098,56000,(3) South,1,(1) Yes offered paid partner leave,0.5,(1) Yes offered paid child leave,0.5,(1) Unmarried couples permitted to adopt/file,0.5,0.5,1,0.5,0.5,0.5,1,1,1,0,0.5,(0) No law,1,1,1,0,0.5,(0) No law,(0) No state RFRA (N/A),(0) No for no targeted exemption,0,(0) No law,(0) No law,0,0,0,(0) No law,(0) No law,1,1,(0) No policy,(0) No policy,1,0.5,1,1,(0) No policy,(0) No policy,1,0.5,(1) State law prohibits private insurers from discriminating based on SO,0.5,0.5,(1) State law prohibits private insurers from discriminating based on GI,(1) State prohibits exclusions of trans-related care in health insurance,(1) State Medicaid policy explicitly includes trans coverage,0.5,0.5,0.5,(1) State hate crime law enumerates SO,0,(0) State does not prohibit use of 'gay panic defense',1,0,(0) If state does not prohibit use of 'trans panic defense',0.5,1,0,1,(1) Does not require public announcement of name change
Florida,7.75,(2) Low: 0-24.9% of total possible points,4.5,(2) Low: 0-24.9% of total possible sexual orientation points,3.25,(2) Low: 0-24.9% of total possible gender identity points,1.5,3,-1,2,1,-1,2.25,1.5,1.5,-0.5,1,1,0,0,1.5,-0.5,1,0,-1,2.25,0.046,772000,(3) South,1,(0) No did not offer paid partner leave (irrespective of narrow/broad partner definition),0,(0) No did not offer paid child leave (irrespective of narrow/broad child definition),0,(0) Uncertain or unavailable law,0,0,0.5,0,0,0,0.5,0.5,0.5,0,0,(0) No law,0.5,0.5,0.5,0,0,(0) No law,(1) State RFRA via statute,(0) No for no targeted exemption,-0.5,(0) No law,(0) No law,0,0,-0.5,(0) No law,(0) No law,0,0,(0) No policy,(0) No policy,0,1,0,0,(0) No policy,(0) No policy,0,1,(0) No state law prohibiting SO discrimination in insurance,0.5,0.5,(0) No state law prohibiting GI discrimination in insurance,(0) State does not prohibit exclusions of trans-related care in health insurance,(0) No explicit policy,-0.5,0.5,0,(1) State hate crime law enumerates SO,-1,(0) State does not prohibit use of 'gay panic defense',0,-1,(0) If state does not prohibit use of 'trans panic defense',0,0.25,0,1,(1) Does not require public announcement of name change
Georgia,-1.5,(1) Negative: Less than zero,2.5,(2) Low: 0-24.9% of total possible sexual orientation points,-4,(1) Negative: Less than zero,1.5,0,0,0.5,0.5,-1,-3,1.5,0,0,0.5,1,-0.5,0,0,0,0,-0.5,-0.5,-3,0.045,356000,(3) South,1,(0) No did not offer paid partner leave (irrespective of narrow/broad partner definition),0,(0) No did not offer paid child leave (irrespective of narrow/broad child definition),0,(0) Uncertain or unavailable law,0,0,0.5,0,0,0,0,0,0,0,0,(0) No law,0,0,0,0,0,(0) No law,(0) No state RFRA (N/A),(0) No for no targeted exemption,0,(0) No law,(0) No law,0,0,0,(0) No law,(0) No law,0,0.5,(0) No policy,(0) No policy,0,0,0,0,(0) No policy,(0) No policy,0,0,(0) No state law prohibiting SO discrimination in insurance,0.5,0.5,(0) No state law prohibiting GI discrimination in insurance,(0) State does not prohibit exclusions of trans-related care in health insurance,(-1) State Medicaid policy explicitly excludes trans coverage,0,0.5,0,(0) No state hate crime law or it does not enumerate SO,-0.5,(0) State does not prohibit use of 'gay panic defense',0,-0.5,(0) If state does not prohibit use of 'trans panic defense',0,-1,0,-1,(-1) Requires public announcement of name change
Hawaii,29.25,(5) High: 75-100% of total,13.5,(4) Medium: 50-74.9% of total,15.75,(5) High: 75-100% of total,4,7,0,6,6.5,4,1.75,3,3.5,0,3,2,2,1,3.5,0,3,4.5,2,1.75,0.046,52000,(4) West,1,(0) No did not offer paid partner leave (irrespective of narrow/broad partner definition),0.25,(0) No did not offer paid child leave (irrespective of narrow/broad child definition),0.25,(0) Uncertain or unavailable law,0.5,0.5,0.5,0,0.5,0.5,1,1,1,0,0.5,(0) No law,1,1,1,0,0.5,(0) No law,(0) No state RFRA (N/A),(0) No for no targeted exemption,0,(0) No law,(0) No law,0,0,0,(0) No law,(0) No law,1,0.5,(0) No policy,(0) No policy,1,0.5,1,0.5,(0) No policy,(0) No policy,1,0.5,(1) State law prohibits private insurers from discriminating based on SO,0.5,0.5,(1) State law prohibits private insurers from discriminating based on GI,(1) State prohibits exclusions of trans-related care in health insurance,(1) State Medicaid policy explicitly includes trans coverage,0.5,0.5,0.5,(1) State hate crime law enumerates SO,0,(1) State prohibits use of defense,1,0,(1) If state prohibits use of defense,0,0.75,0,1,(0) Requirement of public announcement of name change is unclear or under individual court's discretion
Idaho,2.75,(2) Low: 0-24.9% of total possible points,2.75,(2) Low: 0-24.9% of total possible sexual orientation points,0,(2) Low: 0-24.9% of total possible gender identity points,2.5,1.5,-1,1,-0.5,-1,0.25,2.5,0.75,-0.5,0.5,0,-0.5,0,0.75,-0.5,0.5,-0.5,-0.5,0.25,0.028,36000,(4) West,1,(0) No did not offer paid partner leave (irrespective of narrow/broad partner definition),0,(0) No did not offer paid child leave (irrespective of narrow/broad child definition),0,(1) Unmarried couples permitted to adopt/file,0,0,0.5,0,0,0,0.25,0.25,0.25,0,0,(0) No law,0.25,0.25,0.25,0,0,(0) No law,(1) State RFRA via statute,(0) No for no targeted exemption,-0.5,(0) No law,(0) No law,0,0,-0.5,(0) No law,(0) No law,0,0,(0) No policy,(0) No policy,0,0.5,0,0,(0) No policy,(0) No policy,0,0.5,(0) No state law prohibiting SO discrimination in insurance,0,0,(0) No state law prohibiting GI discrimination in insurance,(0) State does not prohibit exclusions of trans-related care in health insurance,(0) No explicit policy,-0.5,0,0,(0) No state hate crime law or it does not enumerate SO,-0.5,(0) State does not prohibit use of 'gay panic defense',0,-0.5,(0) If state does not prohibit use of 'trans panic defense',0,0.25,0,1,(-1) Requires public announcement of name change
Illinois,29.5,(5) High: 75-100% of total,14.5,(5) High: 75-100% of total,15,(5) High: 75-100% of total,5,9,-3,8,5.5,3,2,4,4.5,-1.5,4,2,1.5,1,4.5,-1.5,4,3.5,1.5,2,0.043,426000,(1) Midwest,1,(0) No did not offer paid partner leave (irrespective of narrow/broad partner definition),0,(0) No did not offer paid child leave (irrespective of narrow/broad child definition),0,(1) Unmarried couples permitted to adopt/file,0.5,0.5,1,0,0.5,0.5,1,1,1,1,0.5,(0) No law,1,1,1,1,0.5,(0) No law,(1) State RFRA via statute,"(1) Yes for any targeted religious exemption in child welfare, marriage service or solemnization, or healthcare",-0.5,(0) No law,(-1) Law exists,0,0,-0.5,(0) No law,(-1) Law exists,1,1,(0) No policy,(0) No policy,1,1,1,1,(0) No policy,(0) No policy,1,1,(1) State law prohibits private insurers from discriminating based on SO,0.5,0.5,(1) State law prohibits private insurers from discriminating based on GI,(1) State prohibits exclusions of trans-related care in health insurance,(1) State Medicaid policy explicitly includes trans coverage,0,0.5,0,(1) State hate crime law enumerates SO,-0.5,(1) State prohibits use of defense,1,-0.5,(1) If state prohibits use of defense,0,1,0,1,(0) Requirement of public announcement of name change is unclear or under individual court's discretion
Indiana,7,(2) Low: 0-24.9% of total possible points,5.25,(3) Fair: 25-49.9% of total,1.75,(2) Low: 0-24.9% of total possible gender identity points,4,2.5,-1,1,2,-2,0.5,4,1.25,-0.5,0.5,1,-1,0,1.25,-0.5,0.5,1,-1,0.5,0.045,229000,(1) Midwest,1,(0) No did not offer paid partner leave (irrespective of narrow/broad partner definition),0,(0) No did not offer paid child leave (irrespective of narrow/broad child definition),0,(1) Unmarried couples permitted to adopt/file,0.5,0.5,0.5,0.5,0,0,0.25,0.25,0.25,0,0.5,(0) No law,0.25,0.25,0.25,0,0.5,(0) No law,(1) State RFRA via statute,(0) No for no targeted exemption,-0.5,(0) No law,(0) No law,0,0,-0.5,(0) No law,(0) No law,0,0,(0) No policy,(0) No policy,0,0.5,0,0,(0) No policy,(0) No policy,0,0.5,(0) No state law prohibiting SO discrimination in insurance,0.5,0.5,(0) No state law prohibiting GI discrimination in insurance,(0) State does not prohibit exclusions of trans-related care in health insurance,(0) No explicit policy,0.5,0.5,0,(0) No state hate crime law or it does not enumerate SO,-1,(0) State does not prohibit use of 'gay panic defense',0,-1,(0) If state does not prohibit use of 'trans panic defense',0.5,0.5,0,0.5,(-1) Requires public announcement of name change
Iowa,17,(3) Fair: 25-49.9% of total,11,(4) Medium: 50-74.9% of total,6,(3) Fair: 25-49.9% of total,3.5,9,0,5,1.5,0,-2,2.5,4.5,0,2.5,1,0.5,1,4.5,0,2.5,0.5,-0.5,-2,0.036,87000,(1) Midwest,1,(0) No did not offer paid partner leave (irrespective of narrow/broad partner definition),0,(0) No did not offer paid child leave (irrespective of narrow/broad child definition),0,(0) Uncertain or unavailable law,0.5,0.5,0.5,0,0.5,0.5,1,1,1,1,0.5,(0) No law,1,1,1,1,0.5,(0) No law,(0) No state RFRA (N/A),(0) No for no targeted exemption,0,(0) No law,(0) No law,0,0,0,(0) No law,(0) No law,1,1,(0) No policy,(0) No policy,0,0.5,1,1,(0) No policy,(0) No policy,0,0.5,(0) No state law prohibiting SO discrimination in insurance,0.5,0.5,(0) No state law prohibiting GI discrimination in insurance,(0) State does not prohibit exclusions of trans-related care in health insurance,(0) No explicit policy,0,0.5,0,(1) State hate crime law enumerates SO,-0.5,(0) State does not prohibit use of 'gay panic defense',0,-0.5,(0) If state does not prohibit use of 'trans panic defense',0,-1,0,-1,(0) Requirement of public announcement of name change is unclear or under individual court's discretion
Kansas,3.75,(2) Low: 0-24.9% of total possible points,2.75,(2) Low: 0-24.9% of total possible sexual orientation points,1,(2) Low: 0-24.9% of total possible gender identity points,2.5,2.5,-3.5,0,0,1,1.25,2.5,1.25,-2,0,0,1,0,1.25,-1.5,0,0,0,1.25,0.033,73000,(1) Midwest,1,(0) No did not offer paid partner leave (irrespective of narrow/broad partner definition),0,(0) No did not offer paid child leave (irrespective of narrow/broad child definition),0,(0) Uncertain or unavailable law,0,0,0.5,1,0,0,0.25,0.25,0.25,0,0.5,(0) No law,0.25,0.25,0.25,0,0.5,(0) No law,(1) State RFRA via statute,"(1) Yes for any targeted religious exemption in child welfare, marriage service or solemnization, or healthcare",-0.5,(-1) Law exists,(0) No law,-0.5,0,-0.5,(-1) Law exists,(0) No law,0,0,(0) No policy,(0) No policy,0,0,0,0,(0) No policy,(0) No policy,0,0,(0) No state law prohibiting SO discrimination in insurance,0,0,(0) No state law prohibiting GI discrimination in insurance,(0) State does not prohibit exclusions of trans-related care in health insurance,(0) No explicit policy,0,0,0,(1) State hate crime law enumerates SO,0,(0) State does not prohibit use of 'gay panic defense',0,0,(0) If state does not prohibit use of 'trans panic defense',0,0.25,0,1,(0) Requirement of public announcement of name change is unclear or under individual court's discretion
Kentucky,4.75,(2) Low: 0-24.9% of total possible points,4.5,(2) Low: 0-24.9% of total possible sexual orientation points,0.25,(2) Low: 0-24.9% of total possible gender identity points,2.25,2.5,-1,0,2,0,-1,2.25,1.25,-0.5,0,1,0.5,0,1.25,-0.5,0,1,-0.5,-1,0.034,117000,(3) South,1,(0) No did not offer paid partner leave (irrespective of narrow/broad partner definition),0,(0) No did not offer paid child leave (irrespective of narrow/broad child definition),0.25,(0) Uncertain or unavailable law,0,0,0.5,0.5,0,0,0.25,0.25,0.25,0,0.5,(0) No law,0.25,0.25,0.25,0,0.5,(0) No law,(1) State RFRA via statute,(0) No for no targeted exemption,-0.5,(0) No law,(0) No law,0,0,-0.5,(0) No law,(0) No law,0,0,(0) No policy,(0) No policy,0,0,0,0,(0) No policy,(0) No policy,0,0,(0) No state law prohibiting SO discrimination in insurance,0.5,0.5,(0) No state law prohibiting GI discrimination in insurance,(0) State does not prohibit exclusions of trans-related care in health insurance,(0) No explicit policy,0.5,0.5,0,(1) State hate crime law enumerates SO,-0.5,(0) State does not prohibit use of 'gay panic defense',0,-0.5,(0) If state does not prohibit use of 'trans panic defense',0,-1,0,-1,(1) Does not require public announcement of name change
Louisiana,-2.5,(1) Negative: Less than zero,1,(2) Low: 0-24.9% of total possible sexual orientation points,-3.5,(1) Negative: Less than zero,1.5,0,-1,-1.5,0.5,-1,-1,1.5,0,-0.5,-0.5,0.5,0,0,0,-0.5,-1,0,-1,-1,0.039,139000,(3) South,1,(0) No did not offer paid partner leave (irrespective of narrow/broad partner definition),0,(0) No did not offer paid child leave (irrespective of narrow/broad child definition),0,(0) Uncertain or unavailable law,0,0,0.5,0,0,0,0,0,0,0,0,(0) No law,0,0,0,0,0,(0) No law,(1) State RFRA via statute,(0) No for no targeted exemption,-0.5,(0) No law,(0) No law,0,0,-0.5,(0) No law,(0) No law,0,0,(-1) State has 'Don't Say Gay' policy,(0) No policy,0,0.5,0,0,(-1) State has 'Don't Say Gay' policy,(0) No policy,0,0,(0) No state law prohibiting SO discrimination in insurance,0.5,0,(0) No state law prohibiting GI discrimination in insurance,(0) State does not prohibit exclusions of trans-related care in health insurance,(0) No explicit policy,-0.5,0.5,0,(1) State hate crime law enumerates SO,-1,(0) State does not prohibit use of 'gay panic defense',0,-1,(0) If state does not prohibit use of 'trans panic defense',0,-1,0,-1,(1) Does not require public announcement of name change
Maine,32.5,(5) High: 75-100% of total,17.5,(5) High: 75-100% of total,15,(5) High: 75-100% of total,7,9,0,7,5,4,0.5,6,4.5,0,3.5,1.5,2,1,4.5,0,3.5,3.5,2,0.5,0.049,53000,(2) Northeast,1,(0) No did not offer paid partner leave (irrespective of narrow/broad partner definition),0.5,(0) No did not offer paid child leave (irrespective of narrow/broad child definition),0.5,(1) Unmarried couples permitted to adopt/file,0.5,0.5,1,1,0.5,0.5,1,1,1,1,0.5,(0) No law,1,1,1,1,0.5,(0) No law,(0) No state RFRA (N/A),(0) No for no targeted exemption,0,(0) No law,(0) No law,0,0,0,(0) No law,(0) No law,1,1,(0) No policy,(0) No policy,1,0.5,1,1,(0) No policy,(0) No policy,1,0.5,(1) State law prohibits private insurers from discriminating based on SO,0,0.5,(1) State law prohibits private insurers from discriminating based on GI,(1) State prohibits exclusions of trans-related care in health insurance,(1) State Medicaid policy explicitly includes trans coverage,0,0,0.5,(1) State hate crime law enumerates SO,0,(1) State prohibits use of defense,1,0,(1) If state prohibits use of defense,0.5,1,0,-1,(0) Requirement of public announcement of name change is unclear or under individual court's discretion
Maryland,25.75,(4) Medium: 50-74.9% of total,11.75,(4) Medium: 50-74.9% of total,14,(4) Medium: 50-74.9% of total,4.75,7,0,6,4.5,1,2.5,3.75,3.5,0,3,1,0.5,1,3.5,0,3,3.5,0.5,2.5,0.042,198000,(3) South,1,(0) No did not offer paid partner leave (irrespective of narrow/broad partner definition),0,(0) No did not offer paid child leave (irrespective of narrow/broad child definition),0.25,(0) Uncertain or unavailable law,0.5,0.5,0.5,1,0.5,0.5,1,1,1,0,0.5,(0) No law,1,1,1,0,0.5,(0) No law,(0) No state RFRA (N/A),(0) No for no targeted exemption,0,(0) No law,(0) No law,0,0,0,(0) No law,(0) No law,0,1,(0) No policy,(0) No policy,1,1,0,1,(0) No policy,(0) No policy,1,1,(0) No state law prohibiting SO discrimination in insurance,0.5,0.5,(0) No state law prohibiting GI discrimination in insurance,(1) State prohibits exclusions of trans-related care in health insurance,(1) State Medicaid policy explicitly includes trans coverage,0.5,0.5,0.5,(1) State hate crime law enumerates SO,-0.5,(0) State does not prohibit use of 'gay panic defense',1,-0.5,(0) If state does not prohibit use of 'trans panic defense',0.5,1,0,1,(0) Requirement of public announcement of name change is unclear or under individual court's discretion
Massachusetts,32.5,(5) High: 75-100% of total,15.25,(5) High: 75-100% of total,17.25,(5) High: 75-100% of total,6.5,9,0,7.5,5.5,1.5,2.5,5.5,4.5,0,3.5,1,0.75,1,4.5,0,4,4.5,0.75,2.5,0.054,296000,(2) Northeast,1,(1) Yes offered paid partner leave,0.5,(1) Yes offered paid child leave,0.5,(1) Unmarried couples permitted to adopt/file,0.5,0.5,0.5,1,0.5,0.5,1,1,1,1,0.5,(0) No law,1,1,1,1,0.5,(0) No law,(0) No state RFRA (N/A),(0) No for no targeted exemption,0,(0) No law,(0) No law,0,0,0,(0) No law,(0) No law,1,1,(0) No policy,(0) No policy,1,0.5,1,1,(0) No policy,(0) No policy,1,1,(0) No state law prohibiting SO discrimination in insurance,0.5,0.5,(1) State law prohibits private insurers from discriminating based on GI,(1) State prohibits exclusions of trans-related care in health insurance,(1) State Medicaid policy explicitly includes trans coverage,0.5,0.5,0.5,(1) State hate crime law enumerates SO,-0.25,(0) State does not prohibit use of 'gay panic defense',1,-0.25,(0) If state does not prohibit use of 'trans panic defense',0.5,1,0,1,(0) Requirement of public announcement of name change is unclear or under individual court's discretion
Michigan,11.5,(3) Fair: 25-49.9% of total,5.5,(3) Fair: 25-49.9% of total,6,(3) Fair: 25-49.9% of total,3.5,5.5,-2,2.5,3,-1,0,2.5,2.75,-1,1.25,0.5,-0.5,1,2.75,-1,1.25,2.5,-0.5,0,0.04,311000,(1) Midwest,1,(0) No did not offer paid partner leave (irrespective of narrow/broad partner definition),0,(0) No did not offer paid child leave (irrespective of narrow/broad child definition),0,(0) Uncertain or unavailable law,0.5,0.5,0.5,0,0.5,0.5,0.75,0.75,0.75,0,0.5,(0) No law,0.75,0.75,0.75,0,0.5,(0) No law,(0) No state RFRA (N/A),"(1) Yes for any targeted religious exemption in child welfare, marriage service or solemnization, or healthcare",0,(-1) Law exists,(0) No law,0,0,0,(-1) Law exists,(0) No law,0.75,0,(0) No policy,(0) No policy,0,0.5,0.75,0,(0) No policy,(0) No policy,0,0.5,(0) No state law prohibiting SO discrimination in insurance,0,0.5,(0) No state law prohibiting GI discrimination in insurance,(1) State prohibits exclusions of trans-related care in health insurance,(1) State Medicaid policy explicitly includes trans coverage,0,0,0.5,(0) No state hate crime law or it does not enumerate SO,-0.5,(0) State does not prohibit use of 'gay panic defense',0,-0.5,(0) If state does not prohibit use of 'trans panic defense',0,1,0,-1,(0) Requirement of public announcement of name change is unclear or under individual court's discretion
Minnesota,30,(5) High: 75-100% of total,13.5,(4) Medium: 50-74.9% of total,16.5,(5) High: 75-100% of total,4.5,9,0,5.5,5.5,2,3.5,3.5,4.5,0,3,1.5,1,1,4.5,0,2.5,4,1,3.5,0.041,175000,(1) Midwest,1,(0) No did not offer paid partner leave (irrespective of narrow/broad partner definition),0.25,(0) No did not offer paid child leave (irrespective of narrow/broad child definition),0.25,(0) Uncertain or unavailable law,0.5,0.5,0.5,0.5,0.5,0.5,1,1,1,1,0.5,(0) No law,1,1,1,1,0.5,(0) No law,(0) No state RFRA (N/A),(0) No for no targeted exemption,0,(0) No law,(0) No law,0,0,0,(0) No law,(0) No law,1,1,(0) No policy,(0) No policy,0,1,1,1,(0) No policy,(0) No policy,0,0.5,(1) State law prohibits private insurers from discriminating based on SO,0.5,0,(1) State law prohibits private insurers from discriminating based on GI,(1) State prohibits exclusions of trans-related care in health insurance,(1) State Medicaid policy explicitly includes trans coverage,0.5,0.5,0,(1) State hate crime law enumerates SO,0,(0) State does not prohibit use of 'gay panic defense',1,0,(0) If state does not prohibit use of 'trans panic defense',0.5,1,0,1,(1) Does not require public announcement of name change
Mississippi,-2.5,(1) Negative: Less than zero,-0.5,(1) Negative: Less than zero,-2,(1) Negative: Less than zero,3,0,-6,-1,1,-1,1.5,3,0,-3.5,-0.5,1,-0.5,0,0,-2.5,-0.5,0,-0.5,1.5,0.035,79000,(3) South,1,(0) No did not offer paid partner leave (irrespective of narrow/broad partner definition),0,(0) No did not offer paid child leave (irrespective of narrow/broad child definition),0,(1) Unmarried couples permitted to adopt/file,0,0,0.5,0.5,0,0,0,0,0,0,0,(0) No law,0,0,0,0,0,(0) No law,(1) State RFRA via statute,"(1) Yes for any targeted religious exemption in child welfare, marriage service or solemnization, or healthcare",-0.5,(-1) Law exists,(-1) Law exists,-0.5,-0.5,-0.5,(-1) Law exists,(-1) Law exists,0,0,(-1) State has 'Don't Say Gay' policy,(0) No policy,0,0.5,0,0,(-1) State has 'Don't Say Gay' policy,(0) No policy,0,0.5,(0) No state law prohibiting SO discrimination in insurance,0.5,0.5,(0) No state law prohibiting GI discrimination in insurance,(0) State does not prohibit exclusions of trans-related care in health insurance,(0) No explicit policy,-0.5,0.5,0,(0) No state hate crime law or it does not enumerate SO,-0.5,(0) State does not prohibit use of 'gay panic defense',0,-0.5,(0) If state does not prohibit use of 'trans panic defense',0,0,0,0.5,(1) Does not require public announcement of name change
Missouri,1.25,(2) Low: 0-24.9% of total possible points,3.5,(2) Low: 0-24.9% of total possible sexual orientation points,-2.25,(1) Negative: Less than zero,2.5,1.5,-1,-1.5,0,1,-1.25,2.5,1,-0.5,-0.5,0.5,0.5,0,0.5,-0.5,-1,-0.5,0.5,-1.25,0.038,180000,(1) Midwest,1,(0) No did not offer paid partner leave (irrespective of narrow/broad partner definition),0,(0) No did not offer paid child leave (irrespective of narrow/broad child definition),0,(0) Uncertain or unavailable law,0.5,0.5,0.5,0,0,0,0,0.25,0.25,0,0.5,(0) No law,0,0.25,0.25,0,0,(0) No law,(1) State RFRA via statute,(0) No for no targeted exemption,-0.5,(0) No law,(0) No law,0,0,-0.5,(0) No law,(0) No law,0,0,(0) No policy,(-1) State law prohibits enumeration of SO in school ND or anti-bullying policies,0,0.5,0,0,(0) No policy,(-1) State law prohibits enumeration of GI in school ND or anti-bullying policies,0,0,(0) No state law prohibiting SO discrimination in insurance,0.5,0,(0) No state law prohibiting GI discrimination in insurance,(0) State does not prohibit exclusions of trans-related care in health insurance,(-1) State Medicaid policy explicitly excludes trans coverage,0,0.5,0,(1) State hate crime law enumerates SO,-0.5,(0) State does not prohibit use of 'gay panic defense',1,-0.5,(0) If state does not prohibit use of 'trans panic defense',0,0.75,0,-1,(-1) Requires public announcement of name change
Montana,9,(2) Low: 0-24.9% of total possible points,5,(3) Fair: 25-49.9% of total,4,(2) Low: 0-24.9% of total possible gender identity points,4,1,0,0.5,3.5,-1,1,4,0.5,0,0.5,0.5,-0.5,0,0.5,0,0,3,-0.5,1,0.029,24000,(4) West,1,(0) No did not offer paid partner leave (irrespective of narrow/broad partner definition),0,(0) No did not offer paid child leave (irrespective of narrow/broad child definition),0,(1) Unmarried couples permitted to adopt/file,0.5,0.5,0.5,0.5,0,0,0,0,0,0,0.5,(0) No law,0,0,0,0,0.5,(0) No law,(0) No state RFRA (N/A),(0) No for no targeted exemption,0,(0) No law,(0) No law,0,0,0,(0) No law,(0) No law,0,0,(0) No policy,(0) No policy,0,0.5,0,0,(0) No policy,(0) No policy,0,0,(0) No state law prohibiting SO discrimination in insurance,0.5,0,(0) No state law prohibiting GI discrimination in insurance,(1) State prohibits exclusions of trans-related care in health insurance,(1) State Medicaid policy explicitly includes trans coverage,0.5,0.5,0,(0) No state hate crime law or it does not enumerate SO,-0.5,(0) State does not prohibit use of 'gay panic defense',0,-0.5,(0) If state does not prohibit use of 'trans panic defense',0,0,0,1,(0) Requirement of public announcement of name change is unclear or under individual court's discretion
Nebraska,-0.5,(1) Negative: Less than zero,3,(2) Low: 0-24.9% of total possible sexual orientation points,-3.5,(1) Negative: Less than zero,2,0,0,0,-1,0,-1.5,2,0,0,0,0.5,0.5,0,0,0,0,-1.5,-0.5,-1.5,0.038,55000,(1) Midwest,1,(0) No did not offer paid partner leave (irrespective of narrow/broad partner definition),0,(0) No did not offer paid child leave (irrespective of narrow/broad child definition),0,(0) Uncertain or unavailable law,0,0,0.5,0.5,0,0,0,0,0,0,0,(0) No law,0,0,0,0,0,(0) No law,(0) No state RFRA (N/A),(0) No for no targeted exemption,0,(0) No law,(0) No law,0,0,0,(0) No law,(0) No law,0,0,(0) No policy,(0) No policy,0,0,0,0,(0) No policy,(0) No policy,0,0,(0) No state law prohibiting SO discrimination in insurance,0,0.5,(0) No state law prohibiting GI discrimination in insurance,(0) State does not prohibit exclusions of trans-related care in health insurance,(-1) State Medicaid policy explicitly excludes trans coverage,-0.5,0,0,(1) State hate crime law enumerates SO,-0.5,(0) State does not prohibit use of 'gay panic defense',0,-0.5,(0) If state does not prohibit use of 'trans panic defense',0,0.5,0,-1,(-1) Requires public announcement of name change
Nevada,32,(5) High: 75-100% of total,14.5,(5) High: 75-100% of total,17.5,(5) High: 75-100% of total,4.5,9,0,6,6,3,3.5,3.5,4.5,0,3,2,1.5,1,4.5,0,3,4,1.5,3.5,0.055,127000,(4) West,1,(0) No did not offer paid partner leave (irrespective of narrow/broad partner definition),0,(0) No did not offer paid child leave (irrespective of narrow/broad child definition),0,(0) Uncertain or unavailable law,0.5,0.5,1,0.5,0.5,0.5,1,1,1,1,0.5,(0) No law,1,1,1,1,0.5,(0) No law,(0) No state RFRA (N/A),(0) No for no targeted exemption,0,(0) No law,(0) No law,0,0,0,(0) No law,(0) No law,0,1,(0) No policy,(0) No policy,1,1,0,1,(0) No policy,(0) No policy,1,1,(1) State law prohibits private insurers from discriminating based on SO,0.5,0.5,(1) State law prohibits private insurers from discriminating based on GI,(1) State prohibits exclusions of trans-related care in health insurance,(1) State Medicaid policy explicitly includes trans coverage,0.5,0.5,0,(1) State hate crime law enumerates SO,-0.5,(1) State prohibits use of defense,1,-0.5,(1) If state prohibits use of defense,0.5,1,0,1,(1) Does not require public announcement of name change
New Hampshire,22.25,(4) Medium: 50-74.9% of total,11.5,(4) Medium: 50-74.9% of total,10.75,(4) Medium: 50-74.9% of total,4,7,0,7,2,2,0.25,3,3.5,0,3.5,0.5,1,1,3.5,0,3.5,1.5,1,0.25,0.047,51000,(2) Northeast,1,(0) No did not offer paid partner leave (irrespective of narrow/broad partner definition),0,(0) No did not offer paid child leave (irrespective of narrow/broad child definition),0,(0) Uncertain or unavailable law,0.5,0.5,1,0,0.5,0.5,1,1,1,0,0.5,(0) No law,1,1,1,0,0.5,(0) No law,(0) No state RFRA (N/A),(0) No for no targeted exemption,0,(0) No law,(0) No law,0,0,0,(0) No law,(0) No law,1,1,(0) No policy,(0) No policy,1,0.5,1,1,(0) No policy,(0) No policy,1,0.5,(0) No state law prohibiting SO discrimination in insurance,0,0.5,(0) No state law prohibiting GI discrimination in insurance,(0) State does not prohibit exclusions of trans-related care in health insurance,(1) State Medicaid policy explicitly includes trans coverage,0.5,0,0,(1) State hate crime law enumerates SO,0,(0) State does not prohibit use of 'gay panic defense',1,0,(0) If state does not prohibit use of 'trans panic defense',0.5,0.75,0,-1,(0) Requirement of public announcement of name change is unclear or under individual court's discretion
New Jersey,27.75,(4) Medium: 50-74.9% of total,14,(5) High: 75-100% of total,13.75,(4) Medium: 50-74.9% of total,6,9,0,7,3.5,1,1.25,5,4.5,0,3.5,0.5,0.5,1,4.5,0,3.5,3,0.5,1.25,0.041,288000,(2) Northeast,1,(1) Yes offered paid partner leave,0.5,(1) Yes offered paid child leave,0.5,(1) Unmarried couples permitted to adopt/file,0.5,0.5,0.5,0.5,0.5,0.5,1,1,1,1,0.5,(0) No law,1,1,1,1,0.5,(0) No law,(0) No state RFRA (N/A),(0) No for no targeted exemption,0,(0) No law,(0) No law,0,0,0,(0) No law,(0) No law,1,1,(0) No policy,(0) No policy,1,0.5,1,1,(0) No policy,(0) No policy,1,0.5,(0) No state law prohibiting SO discrimination in insurance,0,0.5,(1) State law prohibits private insurers from discriminating based on GI,(1) State prohibits exclusions of trans-related care in health insurance,(1) State Medicaid policy explicitly includes trans coverage,0,0,0,(1) State hate crime law enumerates SO,-0.5,(0) State does not prohibit use of 'gay panic defense',1,-0.5,(0) If state does not prohibit use of 'trans panic defense',0,0.75,0.5,1,(-1) Requires public announcement of name change
New Mexico,25.75,(4) Medium: 50-74.9% of total,13,(4) Medium: 50-74.9% of total,12.75,(4) Medium: 50-74.9% of total,5,9,-1,6,2.5,2,2.25,4,4.5,-0.5,3.5,0.5,1,1,4.5,-0.5,2.5,2,1,2.25,0.045,72000,(4) West,1,(0) No did not offer paid partner leave (irrespective of narrow/broad partner definition),0,(0) No did not offer paid child leave (irrespective of narrow/broad child definition),0,(0) Uncertain or unavailable law,0.5,0.5,1,1,0.5,0.5,1,1,1,1,0.5,(0) No law,1,1,1,1,0.5,(0) No law,(1) State RFRA via statute,(0) No for no targeted exemption,-0.5,(0) No law,(0) No law,0,0,-0.5,(0) No law,(0) No law,0.5,1,(0) No policy,(0) No policy,1,1,0,1,(0) No policy,(0) No policy,1,0.5,(0) No state law prohibiting SO discrimination in insurance,0,0.5,(1) State law prohibits private insurers from discriminating based on GI,(1) State prohibits exclusions of trans-related care in health insurance,(0) No explicit policy,0,0,0,(1) State hate crime law enumerates SO,0,(0) State does not prohibit use of 'gay panic defense',1,0,(0) If state does not prohibit use of 'trans panic defense',0,0.75,0.5,1,(0) Requirement of public announcement of name change is unclear or under individual court's discretion
New York,33.25,(5) High: 75-100% of total,17,(5) High: 75-100% of total,16.25,(5) High: 75-100% of total,5.5,9,0,8,5.5,4,1.25,4.5,4.5,0,4,2,2,1,4.5,0,4,3.5,2,1.25,0.051,8.00E+05,(2) Northeast,1,(1) Yes offered paid partner leave,0.5,(1) Yes offered paid child leave,0.5,(1) Unmarried couples permitted to adopt/file,0.5,0.5,0.5,0,0.5,0.5,1,1,1,1,0.5,(0) No law,1,1,1,1,0.5,(0) No law,(0) No state RFRA (N/A),(0) No for no targeted exemption,0,(0) No law,(0) No law,0,0,0,(0) No law,(0) No law,1,1,(0) No policy,(0) No policy,1,1,1,1,(0) No policy,(0) No policy,1,1,(1) State law prohibits private insurers from discriminating based on SO,0.5,0.5,(1) State law prohibits private insurers from discriminating based on GI,(1) State prohibits exclusions of trans-related care in health insurance,(1) State Medicaid policy explicitly includes trans coverage,0,0.5,0,(1) State hate crime law enumerates SO,0,(1) State prohibits use of defense,1,0,(1) If state prohibits use of defense,0,0.25,0,1,(0) Requirement of public announcement of name change is unclear or under individual court's discretion
North Carolina,2.25,(2) Low: 0-24.9% of total possible points,3,(2) Low: 0-24.9% of total possible sexual orientation points,-0.75,(1) Negative: Less than zero,2,-1,-0.5,3,1,-1,-1.25,2,-0.5,-0.5,1.5,1,-0.5,0,-0.5,0,1.5,0,-0.5,-1.25,0.04,319000,(3) South,1,(0) No did not offer paid partner leave (irrespective of narrow/broad partner definition),0,(0) No did not offer paid child leave (irrespective of narrow/broad child definition),0,(0) Uncertain or unavailable law,0,0,0.5,0.5,0,0,0,0,0,0,0.5,(-1) State law prevents localities from passing their own nondiscrimination ordinances (NDOs),0,0,0,0,0.5,(-1) State law prevents localities from passing their own nondiscrimination ordinances (NDOs),(0) No state RFRA (N/A),"(1) Yes for any targeted religious exemption in child welfare, marriage service or solemnization, or healthcare",0,(0) No law,(0) No law,0,-0.5,0,(0) No law,(0) No law,0,1,(0) No policy,(0) No policy,0.5,0,0,1,(0) No policy,(0) No policy,0.5,0,(0) No state law prohibiting SO discrimination in insurance,0.5,0.5,(0) No state law prohibiting GI discrimination in insurance,(0) State does not prohibit exclusions of trans-related care in health insurance,(0) No explicit policy,-0.5,0.5,0,(0) No state hate crime law or it does not enumerate SO,-0.5,(0) State does not prohibit use of 'gay panic defense',0,-0.5,(0) If state does not prohibit use of 'trans panic defense',0,0.75,0,-1,(-1) Requires public announcement of name change
North Dakota,-0.75,(1) Negative: Less than zero,1.5,(2) Low: 0-24.9% of total possible sexual orientation points,-2.25,(1) Negative: Less than zero,2,0,-2,0.5,0,-1,-0.25,2,0,-1,0.5,0.5,-0.5,0,0,-1,0,-0.5,-0.5,-0.25,0.027,16000,(1) Midwest,1,(0) No did not offer paid partner leave (irrespective of narrow/broad partner definition),0,(0) No did not offer paid child leave (irrespective of narrow/broad child definition),0,(0) Uncertain or unavailable law,0,0,1,0,0,0,0,0,0,0,0,(0) No law,0,0,0,0,0,(0) No law,(0) No state RFRA (N/A),"(1) Yes for any targeted religious exemption in child welfare, marriage service or solemnization, or healthcare",0,(-1) Law exists,(0) No law,0,0,0,(-1) Law exists,(0) No law,0,0,(0) No policy,(0) No policy,0,0.5,0,0,(0) No policy,(0) No policy,0,0,(0) No state law prohibiting SO discrimination in insurance,0,0.5,(0) No state law prohibiting GI discrimination in insurance,(0) State does not prohibit exclusions of trans-related care in health insurance,(0) No explicit policy,-0.5,0,0,(0) No state hate crime law or it does not enumerate SO,-0.5,(0) State does not prohibit use of 'gay panic defense',0,-0.5,(0) If state does not prohibit use of 'trans panic defense',0,0.75,0,-1,(0) Requirement of public announcement of name change is unclear or under individual court's discretion
Ohio,2.75,(2) Low: 0-24.9% of total possible points,3.75,(2) Low: 0-24.9% of total possible sexual orientation points,-1,(1) Negative: Less than zero,2.5,2.5,0,0.5,-0.5,-2,-0.25,2.5,1.25,0,0.5,0.5,-1,0,1.25,0,0,-1,-1,-0.25,0.043,389000,(1) Midwest,1,(0) No did not offer paid partner leave (irrespective of narrow/broad partner definition),0,(0) No did not offer paid child leave (irrespective of narrow/broad child definition),0,(0) Uncertain or unavailable law,0.5,0,0.5,0.5,0,0,0.25,0.25,0.25,0,0.5,(0) No law,0.25,0.25,0.25,0,0.5,(0) No law,(0) No state RFRA (N/A),(0) No for no targeted exemption,0,(0) No law,(0) No law,0,0,0,(0) No law,(0) No law,0,0,(0) No policy,(0) No policy,0,0.5,0,0,(0) No policy,(0) No policy,0,0,(0) No state law prohibiting SO discrimination in insurance,0.5,0,(0) No state law prohibiting GI discrimination in insurance,(0) State does not prohibit exclusions of trans-related care in health insurance,(-1) State Medicaid policy explicitly excludes trans coverage,-0.5,0.5,0,(0) No state hate crime law or it does not enumerate SO,-1,(0) State does not prohibit use of 'gay panic defense',0,-1,(0) If state does not prohibit use of 'trans panic defense',0,0.75,0,-1,(0) Requirement of public announcement of name change is unclear or under individual court's discretion
Oklahoma,-1,(1) Negative: Less than zero,2,(2) Low: 0-24.9% of total possible sexual orientation points,-3,(1) Negative: Less than zero,3.5,0,-3,-1,1.5,-1,-1,3.5,0,-1.5,-0.5,1,-0.5,0,0,-1.5,-0.5,0.5,-0.5,-1,0.038,113000,(3) South,1,(0) No did not offer paid partner leave (irrespective of narrow/broad partner definition),0,(0) No did not offer paid child leave (irrespective of narrow/broad child definition),0,(1) Unmarried couples permitted to adopt/file,0,0,0.5,1,0,0,0,0,0,0,0,(0) No law,0,0,0,0,0,(0) No law,(1) State RFRA via statute,"(1) Yes for any targeted religious exemption in child welfare, marriage service or solemnization, or healthcare",-0.5,(-1) Law exists,(0) No law,0,0,-0.5,(-1) Law exists,(0) No law,0,0,(-1) State has 'Don't Say Gay' policy,(0) No policy,0,0.5,0,0,(-1) State has 'Don't Say Gay' policy,(0) No policy,0,0.5,(0) No state law prohibiting SO discrimination in insurance,0.5,0.5,(0) No state law prohibiting GI discrimination in insurance,(0) State does not prohibit exclusions of trans-related care in health insurance,(0) No explicit policy,0,0.5,0,(0) No state hate crime law or it does not enumerate SO,-0.5,(0) State does not prohibit use of 'gay panic defense',0,-0.5,(0) If state does not prohibit use of 'trans panic defense',0,-1,0,0,(0) Requirement of public announcement of name change is unclear or under individual court's discretion
Oregon,31.5,(5) High: 75-100% of total,14.5,(5) High: 75-100% of total,17,(5) High: 75-100% of total,6,7,0,7,5.5,2,4,5,3.5,0,3.5,1.5,1,1,3.5,0,3.5,4,1,4,0.056,183000,(4) West,1,(1) Yes offered paid partner leave,0.5,(0) No did not offer paid child leave (irrespective of narrow/broad child definition),0.5,(1) Unmarried couples permitted to adopt/file,0.5,0.5,0.5,0.5,0.5,0.5,1,1,1,0,0.5,(0) No law,1,1,1,0,0.5,(0) No law,(0) No state RFRA (N/A),(0) No for no targeted exemption,0,(0) No law,(0) No law,0,0,0,(0) No law,(0) No law,1,1,(0) No policy,(0) No policy,1,0.5,1,1,(0) No policy,(0) No policy,1,0.5,(1) State law prohibits private insurers from discriminating based on SO,0.5,0,(1) State law prohibits private insurers from discriminating based on GI,(1) State prohibits exclusions of trans-related care in health insurance,(1) State Medicaid policy explicitly includes trans coverage,0.5,0.5,0,(1) State hate crime law enumerates SO,0,(0) State does not prohibit use of 'gay panic defense',1,0,(0) If state does not prohibit use of 'trans panic defense',0.5,1,0.5,1,(1) Does not require public announcement of name change
Pennsylvania,15.25,(3) Fair: 25-49.9% of total,7,(3) Fair: 25-49.9% of total,8.25,(3) Fair: 25-49.9% of total,3,5.5,-1,2,5,-1,1.75,3,2.75,-0.5,1.25,1,-0.5,0,2.75,-0.5,0.75,4,-0.5,1.75,0.041,416000,(2) Northeast,1,(0) No did not offer paid partner leave (irrespective of narrow/broad partner definition),0,(0) No did not offer paid child leave (irrespective of narrow/broad child definition),0,(1) Unmarried couples permitted to adopt/file,0,0,0.5,0.5,0,0,0.75,0.75,0.75,0,0.5,(0) No law,0.75,0.75,0.75,0,0.5,(0) No law,(1) State RFRA via statute,(0) No for no targeted exemption,-0.5,(0) No law,(0) No law,0,0,-0.5,(0) No law,(0) No law,0.75,0.5,(0) No policy,(0) No policy,0,0,0.75,0,(0) No policy,(0) No policy,0,0,(0) No state law prohibiting SO discrimination in insurance,0.5,0.5,(1) State law prohibits private insurers from discriminating based on GI,(1) State prohibits exclusions of trans-related care in health insurance,(1) State Medicaid policy explicitly includes trans coverage,0.5,0.5,0,(0) No state hate crime law or it does not enumerate SO,-0.5,(0) State does not prohibit use of 'gay panic defense',0,-0.5,(0) If state does not prohibit use of 'trans panic defense',0,0.75,0,1,(0) Requirement of public announcement of name change is unclear or under individual court's discretion
Rhode Island,31.25,(5) High: 75-100% of total,14.75,(5) High: 75-100% of total,16.5,(5) High: 75-100% of total,4.75,9,-1,5.5,6.5,4,2.5,3.75,4.5,-0.5,3,2,2,1,4.5,-0.5,2.5,4.5,2,2.5,0.045,38000,(2) Northeast,1,(1) Yes offered paid partner leave,0.25,(1) Yes offered paid child leave,0.5,(0) Uncertain or unavailable law,0.5,0.5,0.5,0.5,0.5,0.5,1,1,1,1,0.5,(0) No law,1,1,1,1,0.5,(0) No law,(1) State RFRA via statute,(0) No for no targeted exemption,-0.5,(0) No law,(0) No law,0,0,-0.5,(0) No law,(0) No law,0,1,(0) No policy,(0) No policy,1,1,0,1,(0) No policy,(0) No policy,1,0.5,(1) State law prohibits private insurers from discriminating based on SO,0.5,0.5,(1) State law prohibits private insurers from discriminating based on GI,(1) State prohibits exclusions of trans-related care in health insurance,(1) State Medicaid policy explicitly includes trans coverage,0.5,0.5,0.5,(1) State hate crime law enumerates SO,0,(1) State prohibits use of defense,1,0,(1) If state prohibits use of defense,0,1,0.5,1,(0) Requirement of public announcement of name change is unclear or under individual court's discretion
South Carolina,-2.5,(1) Negative: Less than zero,0,(2) Low: 0-24.9% of total possible sexual orientation points,-2.5,(1) Negative: Less than zero,2,0,-3,-2,1.5,-1,0,2,0,-1.5,-1,1,-0.5,0,0,-1.5,-1,0.5,-0.5,0,0.035,137000,(3) South,1,(0) No did not offer paid partner leave (irrespective of narrow/broad partner definition),0,(0) No did not offer paid child leave (irrespective of narrow/broad child definition),0,(0) Uncertain or unavailable law,0,0,0.5,0.5,0,0,0,0,0,0,0,(0) No law,0,0,0,0,0,(0) No law,(1) State RFRA via statute,"(1) Yes for any targeted religious exemption in child welfare, marriage service or solemnization, or healthcare",-0.5,(-1) Law exists,(0) No law,0,0,-0.5,(-1) Law exists,(0) No law,0,0,(-1) State has 'Don't Say Gay' policy,(0) No policy,0,0,0,0,(-1) State has 'Don't Say Gay' policy,(0) No policy,0,0,(0) No state law prohibiting SO discrimination in insurance,0.5,0.5,(0) No state law prohibiting GI discrimination in insurance,(0) State does not prohibit exclusions of trans-related care in health insurance,(0) No explicit policy,0,0.5,0,(0) No state hate crime law or it does not enumerate SO,-0.5,(0) State does not prohibit use of 'gay panic defense',0,-0.5,(0) If state does not prohibit use of 'trans panic defense',0,-1,0,0,(1) Does not require public announcement of name change
South Dakota,-2.5,(1) Negative: Less than zero,0,(2) Low: 0-24.9% of total possible sexual orientation points,-2.5,(1) Negative: Less than zero,3.5,0,-2,-1,0,-2,-1,2.5,0,-1,-0.5,0,-1,1,0,-1,-0.5,0,-1,-1,0.03,20000,(1) Midwest,1,(0) No did not offer paid partner leave (irrespective of narrow/broad partner definition),0,(0) No did not offer paid child leave (irrespective of narrow/broad child definition),0,(0) Uncertain or unavailable law,0.5,0.5,0.5,0,0.5,0.5,0,0,0,0,0,(0) No law,0,0,0,0,0,(0) No law,(0) No state RFRA (N/A),"(1) Yes for any targeted religious exemption in child welfare, marriage service or solemnization, or healthcare",0,(-1) Law exists,(0) No law,0,0,0,(-1) Law exists,(0) No law,0,0,(0) No policy,(-1) State law prohibits enumeration of SO in school ND or anti-bullying policies,0,0.5,0,0,(0) No policy,(-1) State law prohibits enumeration of GI in school ND or anti-bullying policies,0,0.5,(0) No state law prohibiting SO discrimination in insurance,0,0,(0) No state law prohibiting GI discrimination in insurance,(0) State does not prohibit exclusions of trans-related care in health insurance,(0) No explicit policy,0,0,0,(0) No state hate crime law or it does not enumerate SO,-1,(0) State does not prohibit use of 'gay panic defense',0,-1,(0) If state does not prohibit use of 'trans panic defense',0,0,0,0,(-1) Requires public announcement of name change
Tennessee,-2,(1) Negative: Less than zero,1.25,(2) Low: 0-24.9% of total possible sexual orientation points,-3.25,(1) Negative: Less than zero,3.75,-2,-3,2,-1.5,-0.25,-1,2.75,-1,-1.5,1,0,0,1,-1,-1.5,1,-1.5,-0.25,-1,0.035,182000,(3) South,1,(0) No did not offer paid partner leave (irrespective of narrow/broad partner definition),0,(0) No did not offer paid child leave (irrespective of narrow/broad child definition),0.25,(0) Uncertain or unavailable law,0.5,0.5,0.5,0,0.5,0.5,0,0,0,0,0,(-1) State law prevents localities from passing their own nondiscrimination ordinances (NDOs),0,0,0,0,0,(-1) State law prevents localities from passing their own nondiscrimination ordinances (NDOs),(1) State RFRA via statute,"(1) Yes for any targeted religious exemption in child welfare, marriage service or solemnization, or healthcare",-0.5,(0) No law,(-1) Law exists,0,0,-0.5,(0) No law,(-1) Law exists,0,0,(0) No policy,(0) No policy,0,1,0,0,(0) No policy,(0) No policy,0,1,(0) No state law prohibiting SO discrimination in insurance,0,0,(0) No state law prohibiting GI discrimination in insurance,(0) State does not prohibit exclusions of trans-related care in health insurance,(-1) State Medicaid policy explicitly excludes trans coverage,-0.5,0,0,(1) State hate crime law enumerates SO,-1,(0) State does not prohibit use of 'gay panic defense',0.75,-1,(0) If state does not prohibit use of 'trans panic defense',0,-1,0,-1,(1) Does not require public announcement of name change
Texas,-1.5,(1) Negative: Less than zero,1.5,(2) Low: 0-24.9% of total possible sexual orientation points,-3,(1) Negative: Less than zero,2,0,-3,-2,0.5,1,0,2,0,-1.5,-1,1,1,0,0,-1.5,-1,-0.5,0,0,0.041,858000,(3) South,1,(0) No did not offer paid partner leave (irrespective of narrow/broad partner definition),0,(0) No did not offer paid child leave (irrespective of narrow/broad child definition),0,(0) Uncertain or unavailable law,0,0,0.5,0.5,0,0,0,0,0,0,0,(0) No law,0,0,0,0,0,(0) No law,(1) State RFRA via statute,"(1) Yes for any targeted religious exemption in child welfare, marriage service or solemnization, or healthcare",-0.5,(-1) Law exists,(0) No law,0,0,-0.5,(-1) Law exists,(0) No law,0,0,(-1) State has 'Don't Say Gay' policy,(0) No policy,0,0,0,0,(-1) State has 'Don't Say Gay' policy,(0) No policy,0,0,(0) No state law prohibiting SO discrimination in insurance,0.5,0.5,(0) No state law prohibiting GI discrimination in insurance,(0) State does not prohibit exclusions of trans-related care in health insurance,(-1) State Medicaid policy explicitly excludes trans coverage,0,0.5,0,(1) State hate crime law enumerates SO,0,(0) State does not prohibit use of 'gay panic defense',0,0,(0) If state does not prohibit use of 'trans panic defense',0,-1,0,0,(1) Does not require public announcement of name change
Utah,11.75,(3) Fair: 25-49.9% of total,6,(3) Fair: 25-49.9% of total,5.75,(3) Fair: 25-49.9% of total,1.5,5,0,3.5,0,0,1.75,1.5,2.5,0,2,0,0,0,2.5,0,1.5,0,0,1.75,0.037,80000,(4) West,1,(0) No did not offer paid partner leave (irrespective of narrow/broad partner definition),0,(0) No did not offer paid child leave (irrespective of narrow/broad child definition),0,(0) Uncertain or unavailable law,0,0,0.5,0,0,0,1,1,0,0,0.5,(0) No law,1,1,0,0,0.5,(0) No law,(0) No state RFRA (N/A),(0) No for no targeted exemption,0,(0) No law,(0) No law,0,0,0,(0) No law,(0) No law,0.5,0.5,(0) No policy,(0) No policy,0,1,0,0.5,(0) No policy,(0) No policy,0,1,(0) No state law prohibiting SO discrimination in insurance,0,0,(0) No state law prohibiting GI discrimination in insurance,(0) State does not prohibit exclusions of trans-related care in health insurance,(0) No explicit policy,0,0,0,(1) State hate crime law enumerates SO,-1,(0) State does not prohibit use of 'gay panic defense',1,-1,(0) If state does not prohibit use of 'trans panic defense',0.5,0.25,0.5,0.5,(0) Requirement of public announcement of name change is unclear or under individual court's discretion
Vermont,34,(5) High: 75-100% of total,16.5,(5) High: 75-100% of total,17.5,(5) High: 75-100% of total,6.5,9,0,7.5,6,2,3,5.5,4.5,0,3.5,2,1,1,4.5,0,4,4,1,3,0.052,26000,(2) Northeast,1,(0) No did not offer paid partner leave (irrespective of narrow/broad partner definition),0.25,(0) No did not offer paid child leave (irrespective of narrow/broad child definition),0.25,(1) Unmarried couples permitted to adopt/file,0.5,0.5,1,1,0.5,0.5,1,1,1,1,0.5,(0) No law,1,1,1,1,0.5,(0) No law,(0) No state RFRA (N/A),(0) No for no targeted exemption,0,(0) No law,(0) No law,0,0,0,(0) No law,(0) No law,1,1,(0) No policy,(0) No policy,1,0.5,1,1,(0) No policy,(0) No policy,1,1,(1) State law prohibits private insurers from discriminating based on SO,0.5,0.5,(1) State law prohibits private insurers from discriminating based on GI,(1) State prohibits exclusions of trans-related care in health insurance,(1) State Medicaid policy explicitly includes trans coverage,0,0.5,0.5,(1) State hate crime law enumerates SO,0,(0) State does not prohibit use of 'gay panic defense',1,0,(0) If state does not prohibit use of 'trans panic defense',0.5,1,0,0.5,(1) Does not require public announcement of name change
Virginia,0.25,(2) Low: 0-24.9% of total possible points,0.5,(2) Low: 0-24.9% of total possible sexual orientation points,-0.25,(1) Negative: Less than zero,1.5,1,-3,0,1,-1,0.75,1.5,0.5,-1.5,0,0.5,-0.5,0,0.5,-1.5,0,0.5,-0.5,0.75,0.039,257000,(3) South,1,(0) No did not offer paid partner leave (irrespective of narrow/broad partner definition),0,(0) No did not offer paid child leave (irrespective of narrow/broad child definition),0,(0) Uncertain or unavailable law,0,0,0.5,0,0,0,0,0,0,0,0.5,(0) No law,0,0,0,0,0.5,(0) No law,(1) State RFRA via statute,"(1) Yes for any targeted religious exemption in child welfare, marriage service or solemnization, or healthcare",-0.5,(-1) Law exists,(0) No law,0,0,-0.5,(-1) Law exists,(0) No law,0,0,(0) No policy,(0) No policy,0,0,0,0,(0) No policy,(0) No policy,0,0,(0) No state law prohibiting SO discrimination in insurance,0.5,0,(0) No state law prohibiting GI discrimination in insurance,(0) State does not prohibit exclusions of trans-related care in health insurance,(0) No explicit policy,0,0.5,0,(0) No state hate crime law or it does not enumerate SO,-0.5,(0) State does not prohibit use of 'gay panic defense',0,-0.5,(0) If state does not prohibit use of 'trans panic defense',0,0.75,0,-1,(1) Does not require public announcement of name change
Washington,31,(5) High: 75-100% of total,13.75,(4) Medium: 50-74.9% of total,17.25,(5) High: 75-100% of total,5.25,9,0,7.5,5.5,0,3.75,4.25,4.5,0,3.5,1.5,0,1,4.5,0,4,4,0,3.75,0.052,3.00E+05,(4) West,1,(1) Yes offered paid partner leave,0.25,(1) Yes offered paid child leave,0.5,(0) Uncertain or unavailable law,0.5,0.5,1,0.5,0.5,0.5,1,1,1,1,0.5,(0) No law,1,1,1,1,0.5,(0) No law,(0) No state RFRA (N/A),(0) No for no targeted exemption,0,(0) No law,(0) No law,0,0,0,(0) No law,(0) No law,1,1,(0) No policy,(0) No policy,1,0.5,1,1,(0) No policy,(0) No policy,1,1,(1) State law prohibits private insurers from discriminating based on SO,0.5,0,(1) State law prohibits private insurers from discriminating based on GI,(1) State prohibits exclusions of trans-related care in health insurance,(1) State Medicaid policy explicitly includes trans coverage,0.5,0.5,0,(1) State hate crime law enumerates SO,-1,(0) State does not prohibit use of 'gay panic defense',1,-1,(0) If state does not prohibit use of 'trans panic defense',0.5,0.75,0.5,1,(1) Does not require public announcement of name change
West Virginia,5.5,(2) Low: 0-24.9% of total possible points,5,(3) Fair: 25-49.9% of total,0.5,(2) Low: 0-24.9% of total possible gender identity points,4,0,0,2.5,-1,0,0,3,0,0,1.5,0.5,0,1,0,0,1,-1.5,0,0,0.04,58000,(3) South,1,(0) No did not offer paid partner leave (irrespective of narrow/broad partner definition),0,(0) No did not offer paid child leave (irrespective of narrow/broad child definition),0,(0) Uncertain or unavailable law,0.5,0.5,0.5,0.5,0.5,0.5,0,0,0,0,0,(0) No law,0,0,0,0,0,(0) No law,(0) No state RFRA (N/A),(0) No for no targeted exemption,0,(0) No law,(0) No law,0,0,0,(0) No law,(0) No law,0,0.5,(0) No policy,(0) No policy,0,1,0,0.5,(0) No policy,(0) No policy,0,0.5,(0) No state law prohibiting SO discrimination in insurance,0,0.5,(0) No state law prohibiting GI discrimination in insurance,(0) State does not prohibit exclusions of trans-related care in health insurance,(-1) State Medicaid policy explicitly excludes trans coverage,-0.5,0,0,(0) No state hate crime law or it does not enumerate SO,0,(0) State does not prohibit use of 'gay panic defense',0,0,(0) If state does not prohibit use of 'trans panic defense',0,0.5,0,0.5,(-1) Requires public announcement of name change
Wisconsin,12,(3) Fair: 25-49.9% of total,9.5,(4) Medium: 50-74.9% of total,2.5,(2) Low: 0-24.9% of total possible gender identity points,2.75,4.5,0,1.5,3.5,0.5,-0.75,2.75,3.5,0,1.5,1,0.75,0,1,0,0,2.5,-0.25,-0.75,0.038,171000,(1) Midwest,1,(0) No did not offer paid partner leave (irrespective of narrow/broad partner definition),0.5,(0) No did not offer paid child leave (irrespective of narrow/broad child definition),0.25,(0) Uncertain or unavailable law,0,0,0.5,0.5,0,0,1,1,1,0,0.5,(0) No law,0.25,0.25,0,0,0.5,(0) No law,(0) No state RFRA (N/A),(0) No for no targeted exemption,0,(0) No law,(0) No law,0,0,0,(0) No law,(0) No law,1,0,(0) No policy,(0) No policy,0,0.5,0,0,(0) No policy,(0) No policy,0,0,(0) No state law prohibiting SO discrimination in insurance,0.5,0.5,(0) No state law prohibiting GI discrimination in insurance,(0) State does not prohibit exclusions of trans-related care in health insurance,(1) State Medicaid policy explicitly includes trans coverage,0.5,0.5,0.5,(1) State hate crime law enumerates SO,-0.25,(0) State does not prohibit use of 'gay panic defense',0,-0.25,(0) If state does not prohibit use of 'trans panic defense',0,0.25,0,-1,(0) Requirement of public announcement of name change is unclear or under individual court's discretion
Wyoming,1.75,(2) Low: 0-24.9% of total possible points,2.5,(2) Low: 0-24.9% of total possible sexual orientation points,-0.75,(1) Negative: Less than zero,2,0,0,0.5,-1,0,0.25,2,0,0,0.5,0,0,0,0,0,0,-1,0,0.25,0.033,15000,(4) West,1,(0) No did not offer paid partner leave (irrespective of narrow/broad partner definition),0,(0) No did not offer paid child leave (irrespective of narrow/broad child definition),0,(0) Uncertain or unavailable law,0,0,1,0,0,0,0,0,0,0,0,(0) No law,0,0,0,0,0,(0) No law,(0) No state RFRA (N/A),(0) No for no targeted exemption,0,(0) No law,(0) No law,0,0,0,(0) No law,(0) No law,0,0,(0) No policy,(0) No policy,0,0.5,0,0,(0) No policy,(0) No policy,0,0,(0) No state law prohibiting SO discrimination in insurance,0,0,(0) No state law prohibiting GI discrimination in insurance,(0) State does not prohibit exclusions of trans-related care in health insurance,(-1) State Medicaid policy explicitly excludes trans coverage,0,0,0,(0) No state hate crime law or it does not enumerate SO,0,(0) State does not prohibit use of 'gay panic defense',0,0,(0) If state does not prohibit use of 'trans panic defense',0,0.75,0,0.5,(-1) Requires public announcement of name change
American Samoa,0.5,(2) Low: 0-24.9% of total possible points,1.5,(2) Low: 0-24.9% of total possible sexual orientation points,-1,(1) Negative: Less than zero,1.5,0,0,0,0,0,-1,1.5,0,0,0,0,0,0,0,0,0,0,0,-1,-99,-99,(0) N/A,1,(0) No did not offer paid partner leave (irrespective of narrow/broad partner definition),0,(0) No did not offer paid child leave (irrespective of narrow/broad child definition),0,(0) Uncertain or unavailable law,0,0,0.5,0,0,0,0,0,0,0,0,(0) No law,0,0,0,0,0,(0) No law,(0) No state RFRA (N/A),(0) No for no targeted exemption,0,(0) No law,(0) No law,0,0,0,(0) No law,(0) No law,0,0,(0) No policy,(0) No policy,0,0,0,0,(0) No policy,(0) No policy,0,0,(0) No state law prohibiting SO discrimination in insurance,0,0,(0) No state law prohibiting GI discrimination in insurance,(0) State does not prohibit exclusions of trans-related care in health insurance,(0) No explicit policy,0,0,0,(0) No state hate crime law or it does not enumerate SO,0,(0) State does not prohibit use of 'gay panic defense',0,0,(0) If state does not prohibit use of 'trans panic defense',0,0,0,0,(-1) Requires public announcement of name change
Guam,5.75,(2) Low: 0-24.9% of total possible points,6.5,(3) Fair: 25-49.9% of total,-0.75,(1) Negative: Less than zero,3.75,3,0,1,1.5,-0.5,-3,3.25,1.5,0,1,1,-0.25,0.5,1.5,0,0,0.5,-0.25,-3,-99,-99,(0) N/A,1,(0) No did not offer paid partner leave (irrespective of narrow/broad partner definition),0.25,(0) No did not offer paid child leave (irrespective of narrow/broad child definition),0.5,(0) Uncertain or unavailable law,0.5,0,0.5,0.5,0.5,0,1,0,0,0,0.5,(0) No law,1,0,0,0,0.5,(0) No law,(0) No state RFRA (N/A),(0) No for no targeted exemption,0,(0) No law,(0) No law,0,0,0,(0) No law,(0) No law,0,1,(0) No policy,(0) No policy,0,0,0,0,(0) No policy,(0) No policy,0,0,(0) No state law prohibiting SO discrimination in insurance,0.5,0.5,(0) No state law prohibiting GI discrimination in insurance,(0) State does not prohibit exclusions of trans-related care in health insurance,(0) No explicit policy,0,0.5,0,(0) No state hate crime law or it does not enumerate SO,-0.25,(0) State does not prohibit use of 'gay panic defense',0,-0.25,(0) If state does not prohibit use of 'trans panic defense',0,-1,0,-1,(-1) Requires public announcement of name change
Northern Mariana Islands,0.5,(2) Low: 0-24.9% of total possible points,3,(2) Low: 0-24.9% of total possible sexual orientation points,-2.5,(1) Negative: Less than zero,1.5,0.5,0,1,0.5,0,-3,1.5,0.5,0,0.5,0.5,0,0,0,0,0.5,0,0,-3,-99,-99,(0) N/A,1,(0) No did not offer paid partner leave (irrespective of narrow/broad partner definition),0,(0) No did not offer paid child leave (irrespective of narrow/broad child definition),0,(0) Uncertain or unavailable law,0,0,0.5,0,0,0,0,0,0,0,0.5,(0) No law,0,0,0,0,0,(0) No law,(0) No state RFRA (N/A),(0) No for no targeted exemption,0,(0) No law,(0) No law,0,0,0,(0) No law,(0) No law,0,0.5,(0) No policy,(0) No policy,0,0,0,0.5,(0) No policy,(0) No policy,0,0,(0) No state law prohibiting SO discrimination in insurance,0,0.5,(0) No state law prohibiting GI discrimination in insurance,(0) State does not prohibit exclusions of trans-related care in health insurance,(0) No explicit policy,0,0,0,(0) No state hate crime law or it does not enumerate SO,0,(0) State does not prohibit use of 'gay panic defense',0,0,(0) If state does not prohibit use of 'trans panic defense',0,-1,0,-1,(-1) Requires public announcement of name change
Puerto Rico,19.5,(4) Medium: 50-74.9% of total,9.75,(4) Medium: 50-74.9% of total,9.75,(3) Fair: 25-49.9% of total,3.25,3,0,5,3.5,2,2.75,3.25,1.5,0,2.5,1.5,1,0,1.5,0,2.5,2,1,2.75,-99,-99,(0) N/A,1,(0) No did not offer paid partner leave (irrespective of narrow/broad partner definition),0,(1) Yes offered paid child leave,0.25,(0) Uncertain or unavailable law,0.5,0.5,0.5,0.5,0,0,1,0,0,0,0.5,(0) No law,1,0,0,0,0.5,(0) No law,(0) No state RFRA (N/A),(0) No for no targeted exemption,0,(0) No law,(0) No law,0,0,0,(0) No law,(0) No law,1,1,(0) No policy,(0) No policy,0.5,0,1,1,(0) No policy,(0) No policy,0.5,0,(1) State law prohibits private insurers from discriminating based on SO,0,0.5,(1) State law prohibits private insurers from discriminating based on GI,(0) State does not prohibit exclusions of trans-related care in health insurance,(1) State Medicaid policy explicitly includes trans coverage,0,0,0,(1) State hate crime law enumerates SO,0,(0) State does not prohibit use of 'gay panic defense',1,0,(0) If state does not prohibit use of 'trans panic defense',0,0.75,0,1,(1) Does not require public announcement of name change
Virgin Islands,4.5,(2) Low: 0-24.9% of total possible points,4.5,(2) Low: 0-24.9% of total possible sexual orientation points,0,(2) Low: 0-24.9% of total possible gender identity points,2.5,1,0,1,0,1,-1,2.5,0.5,0,1,0,0.5,0,0.5,0,0,0,0.5,-1,-99,-99,(0) N/A,1,(0) No did not offer paid partner leave (irrespective of narrow/broad partner definition),0,(0) No did not offer paid child leave (irrespective of narrow/broad child definition),0,(1) Unmarried couples permitted to adopt/file,0,0,0.5,0,0,0,0,0,0,0,0.5,(0) No law,0,0,0,0,0.5,(0) No law,(0) No state RFRA (N/A),(0) No for no targeted exemption,0,(0) No law,(0) No law,0,0,0,(0) No law,(0) No law,0,1,(0) No policy,(0) No policy,0,0,0,0,(0) No policy,(0) No policy,0,0,(0) No state law prohibiting SO discrimination in insurance,0,0,(0) No state law prohibiting GI discrimination in insurance,(0) State does not prohibit exclusions of trans-related care in health insurance,(0) No explicit policy,0,0,0,(1) State hate crime law enumerates SO,-0.5,(0) State does not prohibit use of 'gay panic defense',1,-0.5,(0) If state does not prohibit use of 'trans panic defense',0,0,0,0,(-1) Requires public announcement of name change